,created,handle,text,tweet_id
0,Mon Mar 26 13:35:35 +0000 2018,KENZO,"La Collection Memento N¬∞2 pays tribute to the origins of KENZO Jeans founded in 1986. Get the Denim ""Bamboo Tiger"" cap worn by @britneyspears, available in limited edition in stores and on https://t.co/9iIg0nBm0Q. #KenzoLovesBritney #CollectionMemento2 https://t.co/7agJiJuKA7",978264199456489472
1,Sun Mar 25 21:00:02 +0000 2018,KENZO,".@britneyspears in @kenzo Collection Memento N¬∞2, photographed by @peterlindbergh. Discover the collection on https://t.co/9iIg0nBm0Q. #KenzoLovesBritney #CollectionMemento2 https://t.co/g4OEQIugCY",978013662488211462
2,Sat Mar 24 17:23:14 +0000 2018,KENZO,oFollow the #KENZOTruck around Paris today and take your chance to win tickets for the @britneyspears concert tour! Join the Facebook event for more info on the itinerary and contests. #kenzolovesbritney #kenzodrivesmecrazy #CollectionMemento2 https://t.co/jnnvNdCmod,977596714877145089
3,Sat Mar 24 11:59:53 +0000 2018,KENZO,".@britneyspears is @grazia_fr's cover girl, wearing a cap and denim jacket from @kenzo Collection Memento N¬∞2 and photographed by @peterlindbergh. Get your issue now and read the exclusive interview ! #kenzolovesbritney #collectionmemento2 https://t.co/VkkvCLHwsA",977515343148089344
4,Thu Mar 22 16:42:35 +0000 2018,KENZO,".@britneyspears for @kenzo collection Memento N¬∞2, photographed by @peterlindbergh. Visit https://t.co/9iIg0nBm0Q to see the full story. #KenzoLovesBritney #KENZO #CollectionMemento2 https://t.co/HoSNedFUDK",976861708265410560
5,Wed Mar 21 16:31:02 +0000 2018,KENZO,"The iconic Britney Spears featuring a denim-on-denim look photographed by Peter Lindbergh for the new KENZO campaign. Discover the full story online https://t.co/5WIQtRzRC6. 
#KenzoLovesBritney #KENZO #CollectionMemento2 https://t.co/TUjHYKBQNu",976496413357084672
6,Tue Mar 20 17:38:17 +0000 2018,KENZO,Get behind the scenes of the campaign with @britneyspears photographed by @peterlindbergh #KenzoLovesBritney https://t.co/HWt6e4XTCP,976150950535749632
7,Tue Mar 20 16:19:01 +0000 2018,KENZO,".@britneyspears embodies the new @kenzo campaign photographed by @peterlindbergh, featuring the cropped 'Jumping Tiger' sweatshirt. Visit https://t.co/9iIg0nBm0Q to discover the new iconic campaign.  
#KenzoLovesBritney #KENZO #CollectionMemento2 https://t.co/Vt2EDAHLZ0",976131004288118785
8,Tue Mar 20 15:50:02 +0000 2018,KENZO,".@britneyspears is the quintessential queen of denim and the new face of @kenzo, photographed by @peterlindbergh. Visit https://t.co/9iIg0nBm0Q to discover the new iconic campaign. #KenzoLovesBritney #KENZO #CollectionMemento2 https://t.co/MhPKCy0lyK",976123709458132997
9,Tue Mar 20 15:30:03 +0000 2018,KENZO,".@britneyspears is the new face of KENZO! The Queen of Pop was photographed by @peterlindbergh for the new KENZO campaign, featuring the iconic Bamboo Tiger print. Discover the campaign on https://t.co/9iIg0nBm0Q. #KenzoLovesBritney #KENZO #CollectionMemento2 https://t.co/Fcm5hoxieH",976118680949010432
10,Mon Mar 19 17:47:52 +0000 2018,KENZO,"Are you ready? The new KENZO campaign will be revealed tomorrow at 5:30PM CET. 
#KENZO #CollectionMemento2 https://t.co/GCczBMo8B2",975790974923354112
11,Mon Mar 19 15:39:03 +0000 2018,KENZO,Follow the KENZO truck around Paris and get your KENZO Cola in limited edition! #KenzoLovesAmerica #KENZO #CollectionMemento2 https://t.co/R6NP6wUTaQ,975758556157882369
12,Mon Mar 19 14:00:03 +0000 2018,KENZO,The Bamboo Tiger print is an expression of East meets West and one of the most iconic print of the House. Get ready for the launch of the new KENZO campaign tomorrow March 20th üí•. #KENZO #CollectionMemento2 https://t.co/pXrgRRZltL,975733643191771138
13,Sat Mar 17 15:00:03 +0000 2018,KENZO,"Iconic and bold, the new @kenzo campaign is all about denim. Stay tuned for March 20th. #KENZO #CollectionMemento2 https://t.co/eW2zTUeq2A",975023965906366465
14,Fri Mar 16 15:00:17 +0000 2018,KENZO,"The new @KENZO campaign will be revealed on March 20th, stay tuned‚Ä¶ #KENZO #CollectionMemento2 https://t.co/EHI7QmDi4t",974661638736498688
15,Thu Mar 15 17:00:02 +0000 2018,KENZO,Suit up √† la KENZO. Discover all the looks of KENZO's Spring/Summer 2018 collection on https://t.co/x21XItsbkh. Editorial story shot by @scandebergs and set design by Thomas Bird. #KENZOSS18 #KENZODenim https://t.co/uQrN4PtiAq,974329386072764417
16,Thu Mar 15 15:00:02 +0000 2018,KENZO,The classic leather jacket never goes out of style. Discover the HYPER KENZO leather jacket on https://t.co/dfLysEp3Dw. #KENZOSS18 #KENZODenim https://t.co/1eI0NAi69b,974299187755016193
17,Thu Mar 15 10:16:18 +0000 2018,KENZO,"RT @LVMHPrize: THE #LVMHPRIZE FINALISTS ! Congrats to these amazing emerging talents, see you in june for the final 
@ACOLDWALL #BOTTER @_c‚Ä¶",974227784166989824
18,Thu Mar 15 09:37:44 +0000 2018,KENZO,Read the exclusive interview of @KarenO and #AnaLilyAmirpour on @kenzo's Spring/Summer 2018 campaign film YO! MY SAINT https://t.co/V97VBwtqiV,974218078027427845
19,Wed Mar 14 17:00:02 +0000 2018,KENZO,KENZO brings streetwear on to the catwalk as a lifestyle with avant-garde pieces : discover the graphic polo now in stores and on https://t.co/K2szAPYaqY. #KENZOSS18 #KENZODenim https://t.co/qD8lCjanXo,973966997125062656
20,Wed Mar 14 15:00:02 +0000 2018,KENZO,The ideal partner for your daily life: the KENZO leather Logo Backpack. To discover in stores and on https://t.co/2cvzhGuQJ4. #KENZOSS18 #KENZODenim https://t.co/jOfpwwA4RA,973936799490953216
21,Tue Mar 13 17:00:03 +0000 2018,KENZO,The reinterpretation of Kenzo Takada's legendary muses who inspired #KENZOSS18 collection: model Sayoko Yamaguchi and Ryuichi Sakamoto wearing new colorful prints. Discover the new editorial story on https://t.co/bLtOUpoLjs shot by @scandebergs and set design by Thomas Bird. https://t.co/wSq1vepsTB,973604612627484672
22,Tue Mar 13 15:00:02 +0000 2018,KENZO,Tiny Kalifornia bag turns into fire red for the Spring/Summer 2018 collection! Photo shot by @scandebergs and set design by Thomas Bird. #KENZOSS18 #KENZODenim https://t.co/3jwkKRQs5J,973574412015456257
23,Mon Mar 12 17:00:02 +0000 2018,KENZO,The HYPER KENZO Denim Trucker Jacket that you need. Discover all the Spring/Summer 2018 collection on https://t.co/0mgmakllxN with the new editorial story shot by @scandebergs and set design by Thomas Bird. #KENZOSS18 #KENZODenim https://t.co/kFaTB4zwjj,973242221439930369
24,Mon Mar 12 15:00:02 +0000 2018,KENZO,"Off the runway: this oversized HYPER KENZO t-shirt dress featured on https://t.co/UpxFq5wdHS, new editorial story shot by @scandebergs and set design by Thomas Bird. #KENZOSS18 #KENZODenim https://t.co/9BTbt1t46F",973212024942616576
25,Mon Mar 12 13:17:22 +0000 2018,KENZO,"The KENZO Madeleine store is now reopened! Come and discover the new KENZO concept created by the architect Fabrizio Casiraghi at 27 Boulevard de la Madeleine, 75008 Paris. https://t.co/uCKzvkiBs8",973186187107225600
26,Sun Mar 11 17:00:02 +0000 2018,KENZO,Get this limited edition jumper of Ryuichi Sakamoto on https://t.co/1ohIeImpin and discover the new editorial story shot by @scandebergs and set design by Thomas Bird. #KENZOSS18 #KENZODenim https://t.co/gkxSfIWzZV,972879834929131520
27,Sun Mar 11 15:00:02 +0000 2018,KENZO,Dare to wear a total denim look from KENZO's Spring/Summer 2018 collection. Discover the new editorial shot by @scandebergs and set design by Thomas Bird on https://t.co/U1LUFVvdo3. #KENZOSS18 #KENZODenim https://t.co/tulmTxzP8U,972849634472288256
28,Sat Mar 10 17:00:02 +0000 2018,KENZO,Discover your new go-to item day in day out: this HYPER KENZO jacket from KENZO's Spring/Summer 2018 collection featured in https://t.co/V4DY0Etb9Y new editorial shot by @scandebergs and set design by Thomas Bird. #KENZOSS18 #KENZODenim https://t.co/GvIVIpcykM,972517447713640449
29,Sat Mar 10 15:00:02 +0000 2018,KENZO,Own the room. Choose your look on https://t.co/Fa6M0dLKNw. #KENZOSS18 #KENZODenim https://t.co/XzOlJEfDvI,972487246451564544
30,Fri Mar 09 17:00:02 +0000 2018,KENZO,The 70s vibe of the decor highlights denim looks of KENZO's Spring/Summer 2018 collection. Discover the new editorial shot by @scandebergs and set design by Thomas Bird on https://t.co/2UwmEfEeY7. #KENZOSS18 #KENZODenim https://t.co/GJRuLweR4i,972155059726356480
31,Fri Mar 09 15:00:03 +0000 2018,KENZO,"Discover KENZO's Spring/Summer 2018 new editorial featuring the Composers, a fantasy electro-pop band shot by @scandebergs and set design by Thomas Bird. Discover the story on https://t.co/rtHFsVim2q. #KENZOSS18 #KENZODenim https://t.co/DBvUsWu396",972124864646668288
32,Thu Mar 08 10:12:58 +0000 2018,KENZO,"Happy International Women‚Äôs Day! From Kenzo Takada to Carol Lim and Humberto Leon today, women have always been a driving force and primary inspiration for KENZO. Today, we wanted to celebrate the women who inspired us for their creativity, strength and empowerment. https://t.co/XfQxMu6xzZ",971690228128854016
33,Wed Mar 07 17:00:05 +0000 2018,KENZO,KENZO - La Collection Memento N¬∞3 highlights a relaxed silhouette rich in texture for men. See all the looks on https://t.co/LMsXinlR6c. #Kenzo #CollectionMemento3 https://t.co/1CyeMY0sZd,971430297341517825
34,Wed Mar 07 16:00:04 +0000 2018,KENZO,How to mix denim and red boots. See all the looks of KENZO's - La Collection Memento N¬∞3 show on https://t.co/7qt6fuNTCr. #Kenzo #CollectionMemento3 https://t.co/w3NiSBoCdi,971415191291400195
35,Wed Mar 07 15:00:06 +0000 2018,KENZO,Spotted at KENZO's - La Collection Memento N¬∞3 show : turtleneck sweaters with colored striped and iconic prints inspired by ¬´ The Dream ¬ª from French painter Henri Rousseau. See all the looks on  https://t.co/ZBMwRP7x00. #Kenzo #CollectionMemento3 https://t.co/zSKzI8xx2R,971400101422862337
36,Wed Mar 07 14:00:05 +0000 2018,KENZO,Special prints for a special collection : discover all the looks of KENZO - La Collection Memento N¬∞3 on https://t.co/dP56V6pBeT. #Kenzo #CollectionMemento3 https://t.co/fqRmLwTBqu,971384996551430145
37,Wed Mar 07 13:00:03 +0000 2018,KENZO,"Nails matching the clothes: ""The Dream"" of Henri Rousseau in every shape. 
Nails: @naominailsnyc for @Inglot 
Make-up: @MACcosmetics 
Hair: @lorealparis 
#Kenzo #CollectionMemento3 https://t.co/FeCiqZYX0o",971369889599574016
38,Tue Mar 06 17:00:04 +0000 2018,KENZO,Spotted backstage: colorfuls knitwear inspired by the archives of the House were part of the main looks of KENZO - La Collection Memento N¬∞3 show. Discover the collection on https://t.co/reElfnRapJ. #Kenzo #CollectionMemento3 https://t.co/WmZG5CRBdh,971067903993942017
39,Tue Mar 06 16:00:05 +0000 2018,KENZO,"""It was thanks to the work of Henri Rousseau that I began to look for a name for the boutique in the vein of ‚Äúthe dream of the jungle.‚Äù I settled on the name ‚ÄúJungle Jap""."" Kenzo Takada. Discover all the looks of KENZO - La Collection Memento N¬∞3 on https://t.co/5GzD4q3Df9. https://t.co/fULdO8i5oR",971052808232464384
40,Tue Mar 06 15:41:36 +0000 2018,KENZO,Discover KENZO - La Collection Memento N¬∞3 show on https://t.co/FCbVuBEUIe,971048156455669760
41,Tue Mar 06 15:00:04 +0000 2018,KENZO,"The iconic KENZO Tiger originally came from Kenzo Takada's passion for the painting ""The Dream"" by Henri Rousseau. Discover KENZO - La Collection Memento N¬∞3 collection on https://t.co/vOm3CrO60E. #Kenzo #CollectionMemento3 https://t.co/3rYBCyfmA2",971037705227460608
42,Tue Mar 06 14:00:05 +0000 2018,KENZO,Prints and stripes have always been part of the House's main inspirations. Find your favorite look of KENZO - La Collection Memento N¬∞3 on https://t.co/JtsiSvAKFN. #Kenzo #CollectionMemento3 https://t.co/FYfpWP5yHR,971022610854305794
43,Tue Mar 06 13:00:28 +0000 2018,KENZO,"""In Japan, I had never really encountered na√Øve works of art. It was the first time that I had discovered the big works of this movement."" Kenzo Takada about ""The Dream"" of Henri Rousseau. Discover all the looks of KENZO - La Collection Memento N¬∞3 on https://t.co/UNfMadxFYV. https://t.co/rKKlSqkovh",971007606776090624
44,Mon Mar 05 18:16:38 +0000 2018,KENZO,"J-1! Votre Magasin KENZO Madeleine r√©ouvre ses portes demain. 
Rendez-vous au 27 Boulevard de la Madeleine 75008 Paris pour d√©couvrir le concept KENZO par l'architecte Fabrizio Casiraghi. #KenzoMadeleine https://t.co/QmR1uBhgAr",970724784198901760
45,Mon Mar 05 17:00:04 +0000 2018,KENZO,KENZO - La Collection Memento N¬∞3 is a tribute to Kenzo Tadaka's adoration of the works of ‚ÄúLe Douanier‚Äù Rousseau. See all the looks on  https://t.co/y1lCYDG3gZ. #Kenzo #CollectionMemento3 https://t.co/UsLlt1Szps,970705517982175234
46,Mon Mar 05 16:00:23 +0000 2018,KENZO,It's all about stripes details. See all the looks of @kenzo‚Äôs La Collection Memento N¬∞3 show on  https://t.co/TTpZ33Hmnv. #Kenzo #CollectionMemento3 https://t.co/5GRqCjjI5s,970690497802113031
47,Mon Mar 05 15:00:26 +0000 2018,KENZO,"Backstage of @kenzo's La Collection Memento N¬∞3 show with a preview of women's looks inspired by ""The Dream"" of Henri Rousseau. See all the looks on https://t.co/mVKJopaMpk #CollectionMemento3 https://t.co/z6Ggy67qp8",970675407996506112
48,Mon Mar 05 14:00:05 +0000 2018,KENZO,Blue fever at @kenzo's La Collection Memento N¬∞3 show. See all the looks on  https://t.co/1IaGVQK2Xj. #Kenzo #CollectionMemento3 https://t.co/01H5C7vRXs,970660221453553665
49,Mon Mar 05 13:00:23 +0000 2018,KENZO,"Backstage of @kenzo's La Collection Memento N¬∞3 show: ""The Dream"" of Henri Rousseau, worn as a print on knit sweaters. See all the looks on https://t.co/1sHiNiqMrt. #Kenzo #CollectionMemento3 https://t.co/LOjVr7CPux",970645197687271424
50,Sat Mar 03 11:00:22 +0000 2018,KENZO,"""I still remember the first time I saw ‚ÄúThe Dream‚Äù by Henri Rousseau. It was love at first sight.  Specifically, ‚ÄúThe Dream‚Äù and the jungle, I was overwhelmed with emotion."" Kenzo Takada. 
Discover all the looks on https://t.co/9iIg0nBm0Q #Kenzo #CollectionMemento3 https://t.co/nrCTumPH9w",969890219880312832
51,Fri Mar 02 10:45:35 +0000 2018,KENZO,"KENZO - La Collection Memento 3 features ""The Dream"" of Henri Rousseau, worn as a print on jacquard boots and tapestry like scarves. See all the looks on https://t.co/9iIg0nBm0Q. #Kenzo #CollectionMemento3 https://t.co/OqgqVGv4xH",969524108793925632
52,Fri Mar 02 10:44:35 +0000 2018,KENZO,A new classic: the leather camera bag with shearling trims from KENZO - La Collection Memento 3 show. #Kenzo #CollectionMemento3 https://t.co/7LSFP09J3E,969523858519855104
53,Fri Mar 02 10:43:01 +0000 2018,KENZO,Yesterday at the KENZO - La Collection Memento 3 runway show: a tapestry jacquard backpack with shearling trims inspired by ¬´ The Dream ¬ª from painter Henri Rousseau. #Kenzo #CollectionMemento3 https://t.co/fODGezPWoG,969523466125955074
54,Thu Mar 01 14:17:32 +0000 2018,KENZO,Kenzo RTW Fall 2018 https://t.co/6vW8LiJVwF via @wwd,969215063587524608
55,Wed Feb 28 22:45:15 +0000 2018,KENZO,"¬´ Kenzo‚Äôs adoration of the works of ‚ÄúLe Douanier‚Äù Rousseau inspired us to create a vibrant, colourful and tapestry led collection for KENZO ‚Äì La Collection Memento N¬∞3. ¬ª Carol Lim and Humberto Leon. Discover all the looks soon on https://t.co/9iIg0nBm0Q. https://t.co/alr1v9dC2D",968980443340197889
56,Wed Feb 28 22:43:05 +0000 2018,KENZO,¬´ We are a near 50-year-old fashion house that has been celebrating clothing and creativity in a fun and distinctive way since the opening of Mr Kenzo Takada‚Äôs first shop in the Galerie Vivienne. ¬ª Carol Lim and Humberto Leon on KENZO - La Collection Memento 3. https://t.co/zOVzDs5QEl,968979897845678080
57,Wed Feb 28 22:41:22 +0000 2018,KENZO,KENZO‚Äôs creative directors Carol Lim and Humberto Leon are proud to present KENZO - La Collection Memento 3 tonight at La Monnaie de Paris The guests were welcomed by a dinner in the fabulous set of the now museum ‚ú® #Kenzo #CollectionMemento3 https://t.co/UiAVsx8p6i,968979466755158021
58,Wed Feb 28 14:31:05 +0000 2018,KENZO,Enter the universe of KENZO - La Collection Memento n¬∞3 show tonight at 7:30 PM CET #Kenzo #CollectionMemento3 https://t.co/w5ttNKFGUx,968856082067095553
59,Tue Feb 27 15:00:25 +0000 2018,KENZO,Explore the universe of KENZO - La Collection Memento n¬∞3 show tomorrow Wednesday February 28th at 7:30 PM CET üå¥ #Kenzo #CollectionMemento3 https://t.co/wkt9tQW5F7,968501079896920064
60,Mon Feb 26 18:47:02 +0000 2018,KENZO,Carol Lim and Humberto Leon will present KENZO - La Collection Memento 3 show Wednesday February 28th at 7:30 PM CET during Paris Fashion Week. Stay tuned!#Kenzo #CollectionMemento3 https://t.co/WNVf5i0586,968195718996463617
61,Sun Feb 25 17:00:18 +0000 2018,KENZO,Combine originality and trendy urban style with this large striped 'Hyper KENZO' backpack. Visit https://t.co/I7Uo8xm0BE to discover all the backpacks. #KENZOSS18 https://t.co/2eyKwehiMt,967806472926228480
62,Sat Feb 24 17:00:18 +0000 2018,KENZO,Discover the new Hyper KENZO print from KENZO's Spring/Summer 2018 collection. #KENZOSS18 https://t.co/K3hk3Oqp3b,967444085320683528
63,Fri Feb 23 17:00:20 +0000 2018,KENZO,"A Spring/Summer must-have: the shirt dress from KENZO's Spring/Summer 2018 collection, now available on https://t.co/6fvfO44x6G and in our stores. #KENZOSS18 https://t.co/l5W4GeiGwA",967081705420001281
64,Thu Feb 22 05:00:01 +0000 2018,KENZO,Make kids happy with the KENZO Spring/Summer 2018 Kids collection ! Visit https://t.co/v7R6JQfGwV to see all the collection. #KENZOKIDS #KENZOSS18 https://t.co/2vdS9C7L42,966538044609265664
65,Wed Feb 21 17:00:23 +0000 2018,KENZO,Dare to wear the striped oversized shirt. Now available on https://t.co/CpsmptoNBy and in store. #KENZOSS18 https://t.co/bzvn7IiJbx,966356939868426242
66,Tue Feb 20 17:00:03 +0000 2018,KENZO,Discover the KENZO's Spring/Summer 2018 collection for Kids on  https://t.co/z6jButretN ! #KENZOKids #KENZOSS18 https://t.co/hgeuUHogm5,965994468070580225
67,Tue Feb 20 14:23:57 +0000 2018,KENZO,RT @LVMHPrize: The 20 shortlisted designers of the LVMH Prize 2018 ‚òÖ Stay tuned to discover more about them ! #lvmhprize2018 https://t.co/r‚Ä¶,965955186643619841
68,Mon Feb 19 17:00:03 +0000 2018,KENZO,Find your #KENZOMove colour on https://t.co/fd7h4IFfva. #KENZOMoveRevolution https://t.co/AYz0jvUOfB,965632081584951298
69,Mon Feb 19 15:00:04 +0000 2018,KENZO,Be free to move in your #KENZOMove sneaker ! Brandon is wearing the KENZO Move in blue. Visit https://t.co/UriFcghabK to see all the colours.  #KENZOMoveRevolution https://t.co/GjU1iPxWB1,965601888149344257
70,Sun Feb 18 17:00:34 +0000 2018,KENZO,"""I learned to dance thanks to my Congolese family. However, it wasn‚Äôt until 2007 with the birth of Electro Dance, the first urban dance style in France, that I was immediately inspired to get into this industry."" Brandon dances in his #KENZOMove blue sneaker. #KENZOMoveRevolution https://t.co/4CF4NGcETv",965269824216666112
71,Sat Feb 17 17:00:02 +0000 2018,KENZO,Choose the #KENZOMove sneaker in Falmingo Pink ! Visit https://t.co/007CfAj6Em to discover the sneaker. #KENZOMoveRevolution https://t.co/Xy8w2udJIJ,964907302401789952
72,Sat Feb 17 15:00:07 +0000 2018,KENZO,Discover all the #KENZOMove sneaker colours on https://t.co/f7xVn1S0Tm. #KENZOMoveRevolution https://t.co/khVCcp2tZp,964877125709979648
73,Sat Feb 17 12:00:46 +0000 2018,KENZO,"""Dance and fashion both engage us on the level of the corporeal body, allowing us to sense ourselves in a more complete way, I think they are very compatible and equally as fun."" Gala presents a choregraphy in her #KENZOMove sneaker ! #KENZOMoveRevolution https://t.co/iWT0x7PAV3",964831989089042432
74,Fri Feb 16 10:17:45 +0000 2018,KENZO,Dua Lipa Shows Ellen Her 'New Rules' https://t.co/83bCMDD8Zj via @YouTube,964443676779917312
75,Fri Feb 16 10:00:02 +0000 2018,KENZO,"Happy Chinese New Year and best wishes from KENZO üê∂ illustration by 
@andrewtarcher #YearOfTheDog https://t.co/Ut8QxV2x9G",964439218297565184
76,Thu Feb 15 17:00:03 +0000 2018,KENZO,Discover the sailor bag in summery pop colours on https://t.co/6gXmpH0udA ! #LoveBlooms #KENZOSS18 https://t.co/zN2VKZqZRY,964182528813879296
77,Wed Feb 14 09:00:01 +0000 2018,KENZO,"Happy Valentine's Day ! It's the last day to choose your bouquet of flowers from NUE PARIS at the FLOWER MARKET at KENZO's le Marais store: 120 Rue Vieille du Temple, 75004 Paris from 11AM to 7:30PM. https://t.co/zHuMw6LyPM",963699338944884741
78,Tue Feb 13 17:00:02 +0000 2018,KENZO,"D-1 : the last FLOWER MARKET at KENZO's le Marais store (120 Rue Vieille du Temple, 75004 Paris) will take place tomorrow for Valentine's Day! NUE PARIS will be there to make the perfect KENZO bouquet. #KENZOSS18 #LoveBlooms https://t.co/iqYzHbHarf",963457750855544832
79,Tue Feb 13 15:00:02 +0000 2018,KENZO,The Flower print is in the heart of our exclusive #LoveBlooms campaign. Visit  https://t.co/acQrYzGKxp to discover all the collection. #KENZOSS18 https://t.co/kw9h30m4O4,963427551875162113
80,Mon Feb 12 17:00:02 +0000 2018,KENZO,The iconic Tiny Kalifornia come in fire red for this month of love. Visit https://t.co/YtPwOvqLq1 to see all the colors. #LoveBlooms #KENZOSS18 https://t.co/MlNBuVPcbR,963095361203163136
81,Sun Feb 11 09:00:02 +0000 2018,KENZO,"The FLOWER MARKET at KENZO's le Marais store (120 Rue Vieille du Temple, 75004 Paris)  will be exclusively open today on Sunday from 11AM to 7.30AM. Don't forget to choose your flowers. #LoveBlooms #KENZOSS18 https://t.co/taVI1C8M64",962612178850340864
82,Sat Feb 10 09:00:01 +0000 2018,KENZO,"D-DAY : The FLOWER MARKET starts today at KENZO's le Marais store (120 Rue Vieille du Temple, 75004 Paris) from 11AM to 7.30PM ! Come say hello and get your special flower bouquet made with love by NUE PARIS. #LoveBlooms #KENZOSS18 https://t.co/55kPYlyU2K",962249786706493441
83,Fri Feb 09 15:00:01 +0000 2018,KENZO,"FLOWER MARKET D-1 : Take part in this event at KENZO's le Marais store (120 Rue Vieille du Temple, 75004 Paris) and discover all the beautiful flowers of NUE PARIS on February 10th, 11th and 14th, 2018. #LoveBlooms #KENZOSS18 https://t.co/aZoy65M0ce",961977997317287936
84,Thu Feb 08 15:00:02 +0000 2018,KENZO,"FLOWER MARKET D-2 ! For Valentine's Day, KENZO's Le Marais store (120 Rue Vieille du Temple, 75004 Paris) turns into a Flower Market. Choose a custom flower bouquet on February 10th, 11th and 14th. #LoveBlooms #KENZOSS18 https://t.co/qsULmFmniH",961615613373411328
85,Wed Feb 07 17:00:13 +0000 2018,KENZO,Discover the iconic Mini Kalifornia bag in faded pink. You can even add the new flower stripe to it! Visit https://t.co/mkxcqC2nQU to see all the collection.  #LoveBlooms #KENZOSS18 https://t.co/rMvIP6VWDr,961283470596235265
86,Tue Feb 06 17:00:03 +0000 2018,KENZO,"How to mix stripes and flower prints ! Discover #LoveBlooms, an exclusive collection available on https://t.co/aPPnWZJ5SV and in stores. #KENZOSS18 https://t.co/VaIwvJxYFy",960921040389115906
87,Mon Feb 05 17:00:03 +0000 2018,KENZO,Discover all the #KENZOMove sneaker colors on https://t.co/ZMNWxu6r2q. #KENZOMoveRevolution https://t.co/FkJamSuKFB,960558650023702528
88,Mon Feb 05 15:00:03 +0000 2018,KENZO,Sophie chose the #KENZOMove sneaker in the navy blue color ! Visit https://t.co/hd4TzXx99W to discover all the new colorways. https://t.co/lfFGI9XP5t,960528451471118338
89,Mon Feb 05 12:00:27 +0000 2018,KENZO,Dance and move like Sophie in her #KENZOMove sneaker ! #KENZOMoveRevolution https://t.co/GyDBoKLi2N,960483255316336641
90,Sun Feb 04 17:00:02 +0000 2018,KENZO,Rediscover the iconic Eye of KENZO with our exclusive Kenzo Lovers collection. Visit https://t.co/Q1AtEBC6n5 to see all the collection. #KENZOLovers #KENZOSS18 https://t.co/LWJJTI5gtV,960196258764873730
91,Sun Feb 04 15:00:02 +0000 2018,KENZO,Focus on this flower print. Visit https://t.co/XSzlJV0W67 to see all the collection. #KENZOLovers #KENZOSS18 https://t.co/W0B7ZiGxy3,960166061315383296
92,Sat Feb 03 17:00:02 +0000 2018,KENZO,"There will never be too much flowers at KENZO, there will never be too much love! Join us and dare to be a lover. Visit https://t.co/4otWi01C6s to see all the collection. #KENZOLovers #KENZOSS18 https://t.co/aFuX34NzUA",959833873134882816
93,Sat Feb 03 15:00:02 +0000 2018,KENZO,Feel the Valentine‚Äôs spirit with our ‚ÄúJackie Flowers‚Äú print and soft pink colours from KENZO's Spring/Summer 2018 collection. Visit https://t.co/fpFVb7A4pD to see all the collection. #KENZOSS18 #KENZOLovers https://t.co/D2fIRxfdrx,959803671335841794
94,Fri Feb 02 17:00:03 +0000 2018,KENZO,February is the month of love with our KENZO LOVERS exclusive campaign. Visit https://t.co/9WWpwnKLli to see all the collection. #KENZOLovers #KENZOSS18 https://t.co/U0C3IOex0y,959471486141640705
95,Fri Feb 02 15:00:02 +0000 2018,KENZO,"Discover KENZO World Eau de toilette, the new fruity floral fragance made with love. #KENZOParfums #KENZOWorld https://t.co/LIMeIsdP7Y",959441283101155329
96,Thu Feb 01 17:00:28 +0000 2018,KENZO,"On the set 3/3 : Shirley Kurata, the costume designer of YO! MY SAINT talks about the narrative behind clothing in KENZO's Spring/Summer 2018 campaign film .  #KENZOSS18 https://t.co/b67dNP2U1v https://t.co/DS6TMeRbRu",959109205704761344
97,Thu Feb 01 15:00:28 +0000 2018,KENZO,"On the set 2/3 : @KarenO is the voice behind ""YO! MY SAINT"", an original song created for Kenzo's Spring/Summer 2018 campaign film. #KENZOSS18
https://t.co/BdySFWJ5ck https://t.co/VpiMhzlGgv",959079007508664322
98,Thu Feb 01 12:00:28 +0000 2018,KENZO,"On the set 1/3 : #AnaLilyAmirpour is the film director behind YO! MY SAINT, Kenzo's Spring/Summer 2018 campaign film. #KENZOSS18 https://t.co/nuyE3Sq3Gx https://t.co/FSFtKmbIZp",959033708966801409
99,Thu Feb 01 09:42:06 +0000 2018,KENZO,Un nouveau morceau de Karen O (Yeah Yeah Yeahs) pour la campagne mode de Kenzo https://t.co/BXq4tLAhlO via @lesinrocks,958998886688935936
100,Wed Jan 31 17:00:04 +0000 2018,KENZO,"The Floral print is always a good idea for a Spring/Summer 2018 look, here worn by Jessica Henwick (@jhenwick) our muse in YO! MY SAINT. #KENZOSS18 https://t.co/ycsm8u1pfr",958746715988922368
101,Wed Jan 31 15:00:04 +0000 2018,KENZO,"Sayoko Yamaguchi is the historic muse behind YO! MY SAINT, Kenzo's Spring/Summer 2018 campaign film. #KENZOSS18 https://t.co/GpzaMZx0yf https://t.co/ITL769cZOt",958716515590787077
102,Wed Jan 31 12:00:01 +0000 2018,KENZO,The iconic Sailor bag comes in yellow this season. #YOMYSAINT #KENZOSS18 https://t.co/6Xt1zYPMEu,958671207578128384
103,Tue Jan 30 17:00:51 +0000 2018,KENZO,"Watch the film YO! MY SAINT, a film directed by #AnaLilyAmirpour for Kenzo's Spring/Summer 2018. #KENZOSS18 https://t.co/YVfhIoze2l https://t.co/GfyIHlEvyv",958384525519785984
104,Tue Jan 30 15:00:30 +0000 2018,KENZO,"Share a moment with #AlexZhangHungtai, Jessica Henwick (@jhenwick), and #KikoMizuhara, the actors of YO! MY SAINT, a film directed by #AnaLilyAmirpour for @Kenzo's Spring/Summer 2018 #KENZOSS18 https://t.co/zuaRqXkXOE https://t.co/LiHNhrh7hZ",958354237334966272
105,Tue Jan 30 12:00:28 +0000 2018,KENZO,"And you, what is your favorite karaoke song? #YOMYSAINT #KENZOSS18 https://t.co/SlPEcDEYXz https://t.co/hYJ6MEZPI2",958308932979748864
106,Mon Jan 29 17:00:03 +0000 2018,KENZO,"Jessica Henwick (@jhenwick), the muse in YO! MY SAINT, a film directed by #AnaLilyAmirpour with music by @KarenO for @Kenzo's Spring/Summer 2018. https://t.co/3pQDDfLr50 https://t.co/UM3EPDvZlU",958021935253901312
107,Mon Jan 29 15:00:14 +0000 2018,KENZO,"The exclusive vinyl of ""YO! MY SAINT"", the iconic song composed by @KarenO for Kenzo's Spring/Summer 2018 campaign film, is now available in stores and on https://t.co/qzthPpTccq. Also available on all music streaming platforms including Spotify and Apple Music. #KENZOSS18 https://t.co/gGdVP2LUEI",957991783354503169
108,Mon Jan 29 12:00:02 +0000 2018,KENZO,"Red fever with this #KENZOSS18's dress, here worn by our muse Jessica Henwick (@jhenwick) in #YOMYSAINT, Kenzo's Spring/Summer 2018 film campaign. https://t.co/sSiufc5oTG https://t.co/lN7avcpfgx",957946433050742784
109,Sun Jan 28 17:00:03 +0000 2018,KENZO,Look 29 from Women‚Äôs Fall/Winter 2018 is all about this soft purple color. Visit https://t.co/PtTh1uATN8 to see all the looks. üì∏ Priscillia Saada #KENZOFW18 https://t.co/MQlWDgLZYn,957659548038377472
110,Sun Jan 28 15:00:02 +0000 2018,KENZO,Seen backstage: the new #KENZOFW18 women's bags come in thress pastel colors and transparent floral beadings. Visit https://t.co/7Xh4WeL9lB to see all the looks. üì∏ Priscillia Saada #KENZOFW18 https://t.co/P0s3MKC1Xk,957629345471791104
111,Sun Jan 28 12:00:01 +0000 2018,KENZO,Women‚Äôs Fall/Winter 2018 is all about leather. Visit https://t.co/BfTTnZvOrG to see all the looks. üì∏ Priscillia Saada #KENZOFW18 https://t.co/t2JzgnGlPj,957584043079536642
112,Sat Jan 27 17:00:03 +0000 2018,KENZO,Flowers power with these dresses from the FW18 women's collection. Visit https://t.co/L9J4Hx1Mix to see all the looks. üì∏ Priscillia Saada #KENZOFW18 https://t.co/WH39iuu5IL,957297159652696065
113,Sat Jan 27 15:00:02 +0000 2018,KENZO,Discover the new Kenzo women's bags with transparent floral beading on https://t.co/HxEEUXkRIq üì∏ Priscillia Saada #KENZOFW18 https://t.co/nHInUK7z51,957266957958615043
114,Sat Jan 27 12:00:01 +0000 2018,KENZO,"For Fall/Winter 2018, Men‚Äôs bags take shape through cross body metallic souvenir pouches.  Visit https://t.co/i1lfPlRLL7 to see all the looks. üì∏ Priscillia Saada #KENZOFW18 https://t.co/DznvGsAZ55",957221654958141440
115,Fri Jan 26 17:00:04 +0000 2018,KENZO,Keep smiling with KENZO's FW18 collection !  Visit https://t.co/F2xIZYg4zI to see all the looks. üì∏ Priscillia Saada #KENZOFW18 https://t.co/Ld1gJF1G8d,956934775020904451
116,Fri Jan 26 15:00:03 +0000 2018,KENZO,Dresses with movie poster for this collection celebrating the inspiration from strong women and men on screen. Visit  https://t.co/awODQR7VUU to see all the looks ! üì∏ Priscillia Saada #KENZOFW18 https://t.co/vsHy0XFOHO,956904574039789569
117,Fri Jan 26 12:00:02 +0000 2018,KENZO,Clashing prints and colors for men's coats from KENZO's FW18 collection. Visit https://t.co/PYs1xfNobr to see all the looks. üì∏ Priscillia Saada #KENZOFW18 https://t.co/7gSO9WPzzj,956859271894982656
118,Thu Jan 25 16:00:23 +0000 2018,KENZO,"Discover the vibrant prints of the Fall/Winter 2018 Women‚Äôs collection, on the runway last Sunday. Visit https://t.co/WOxbf29V58 to see all the looks. üì∏    Priscillia Saada #KENZOFW18 https://t.co/vYcvZEuDK9",956557369009430528
119,Thu Jan 25 13:00:03 +0000 2018,KENZO,"Beautiful portraits from the #KENZOFW18 Women and Men's show. 
Makeup by @MACcosmetics 
Skincare by @EmbryolisseUSA 
Nails by @Inglot 
Hair by @lorealparis https://t.co/HTJoJaJeRr",956511986027782150
120,Thu Jan 25 11:58:12 +0000 2018,KENZO,Discover the KENZO Men &amp; Women's Fall/Winter 2018 show : https://t.co/Ux2CzBfWpO,956496422970544134
121,Wed Jan 24 18:00:22 +0000 2018,KENZO,Backstage of the Kenzo Men‚Äôs Fall/Winter 2018 show: the collection features high-waisted pants with shrunken sweater vests and extrovert outerwear. Discover all the looks on https://t.co/O8H7Yci8kK. üì∏    Priscillia Saada #KENZOFW18 https://t.co/jD31slF7Xe,956225175229517824
122,Wed Jan 24 17:00:24 +0000 2018,KENZO,Florals have always been a major inspiration at KENZO. Carol Lim and Humberto Leon revisited them as a bold print for Women‚Äôs Fall/Winter 2018 runway collection. Visit https://t.co/IgCuxJYJ6y to see all the looks. üì∏    Priscillia Saada #KENZOFW18 https://t.co/8fQpBcdsou,956210083251310593
123,Wed Jan 24 16:00:03 +0000 2018,KENZO,Men‚Äôs Fall/Winter 2018 collection features waxed cotton trenches in traditional colors and a pop of turquoise. Visit https://t.co/0Hj7XEuYM6 to see all the looks üì∏ Priscillia Saada #KENZOFW18 https://t.co/NBOBtXueRk,956194898776031235
124,Wed Jan 24 15:00:21 +0000 2018,KENZO,Accessories for Women‚Äôs Fall/Winter 2018 are spun from the same wheel as their ready-to-wear counterparts: classic frame evening bags in colored silk jacquards and transparent floral beading üíé #KENZOFW18 https://t.co/jDqZHDGY76,956179874070302720
125,Wed Jan 24 13:37:36 +0000 2018,KENZO,"Keeping with the flashback to 1998, Carol Lim and Humberto Leon styled the looks with relevant archive pieces and customized the delicate floral motifs from old prints for the Men and Women‚Äôs Fall/Winter 2018 runway collection https://t.co/zFunEi9OQL #KENZOFW18 https://t.co/kiUp3USXgg",956159049573289984
126,Wed Jan 24 12:00:20 +0000 2018,KENZO,Men's Fall/Winter 2018 collection fuses the heritage and modern by twisting classics and clashing prints and colors. See all the looks on https://t.co/YrqvGQx74m. #KENZOFW18 https://t.co/tTpIJL0rgh,956134572269473792
127,Wed Jan 24 11:08:39 +0000 2018,KENZO,¬´ One of the most influential inspirations for us is cinema. ¬ª KENZO's creative directors Carol Lim and Humberto Leon on KENZO‚Äôs Men and Women Fall/Winter 2018 collection üì∏ Priscillia Saada https://t.co/P5sv643c91,956121565107769344
128,Tue Jan 23 15:47:28 +0000 2018,KENZO,Kenzo Fall 2018 Ready-to-Wear Fashion Show on @VogueRunway https://t.co/3t5PpZERor,955829343435010048
129,Tue Jan 23 14:08:50 +0000 2018,KENZO,Kenzo Fall 2018 Menswear Fashion Show on @VogueRunway https://t.co/iPbyRZaRJ7,955804520654786560
130,Tue Jan 23 13:30:35 +0000 2018,KENZO,"RT @pretareporter: .@Kenzo's magical movie night at #ParisFashionWeek was the stuff ""Dreams"" are made of: https://t.co/dFQKSoTBms",955794893795942400
131,Tue Jan 23 13:30:26 +0000 2018,KENZO,"RT @Dazed: See all the melodrama at @kenzo AW18 show:
https://t.co/Qwn5T3gBfW https://t.co/io2dk873gV",955794858249244672
132,Tue Jan 23 13:30:07 +0000 2018,KENZO,RT @Strategies: .@kenzo lance sa collection printemps/√©t√© avec Yo! My Saint &gt;&gt; https://t.co/dnJa91ITPv https://t.co/Fle5UBdX8l,955794778326732800
133,Tue Jan 23 13:29:32 +0000 2018,KENZO,RT @wwd: .@kenzo designers held their coed fashion show on a movie set: https://t.co/zuzpNNajkh https://t.co/x9kG8HpDFB,955794631542927360
134,Tue Jan 23 10:51:18 +0000 2018,KENZO,Qui √©tait √† l‚Äôafter show Kenzo au Palace ? via @VogueParis https://t.co/wasRDP5d6E,955754810036416513
135,Sun Jan 21 20:54:08 +0000 2018,KENZO,The set of the @kenzo‚Äôs Fall/Winter Men &amp; Women show: a film directed live inspired by Humberto Leon‚Äôs sister‚Äôs wedding. Our creative director dyed his hair white for the occasion and shocked his whole family! Stay tuned to see the full movie #KENZOFW18 https://t.co/FHXVXp1g8r,955181741634973698
136,Sun Jan 21 13:01:04 +0000 2018,KENZO,They are best friends since college and went through so many adventures together. @Kenzo‚Äòs creative directors Carol Lim and Humberto Leon are proud to present KENZO‚Äôs Fall/Winter 2018 Men and Women show tonight at 8PM CET. Stay tuned for many surprises. #KenzoFW18 https://t.co/oJoG236zjS,955062689432301568
137,Sat Jan 20 15:39:22 +0000 2018,KENZO,Get ready for #KENZOFW18 Men and Women Show | Tomorrow 8PM CET https://t.co/O2fF1xSPcN,954740139284205568
138,Fri Jan 19 16:00:04 +0000 2018,KENZO,Back in the days! Carol Lim and Humberto Leon will present @Kenzo's Fall/Winter 2018 runway collection this Sunday January 21st at 8:00PM CET during Paris Fashion Week. Stay tuned ‚ú® https://t.co/Szl1Q2eA2A,954382960874217472
139,Thu Jan 18 18:12:09 +0000 2018,KENZO,RT @LVMHPrize: THE GRAND JURY ‚òÖ #lvmhprize2018 @berluti @LoeweOfficial @Dior @LouisVuitton @TWNGhesquiere @themarcjacobs @marcjacobs @KarlL‚Ä¶,954053814906183681
140,Wed Jan 17 17:00:29 +0000 2018,KENZO,"3/3 MEET THE ACTORS : Discover @JHenwick behind the scenes of YO! MY SAINT, #KENZOSS18's campaign film directed by #AnaLilyAmirpour. https://t.co/jufPtWCUka https://t.co/niAhzV5Aco",953673390531010561
141,Wed Jan 17 15:00:32 +0000 2018,KENZO,2/3 MEET THE ACTORS : #AlexZhangHungtai as the photographer in #KENZOSS18's campaign film YO! MY SAINT shares his vision and feelings with us. https://t.co/VmpbOzt6VW https://t.co/ch85HiSwlK,953643206725525505
142,Wed Jan 17 12:00:25 +0000 2018,KENZO,"1/3 MEET THE ACTORS : The beautiful #KikoMizuhara talks about her role as a model in YO! MY SAINT, the new #KENZOSS18 campaign film. https://t.co/qht5UCUMld https://t.co/bxlD9k9uJ3",953597875220606979
143,Tue Jan 16 17:55:43 +0000 2018,KENZO,The 3 Scare Tactics That Drive Kenzo‚Äôs Success https://t.co/6QWNA0gK2y,953324903394152448
144,Tue Jan 16 17:00:04 +0000 2018,KENZO,"Discover the #KENZOMove sneaker in the rust color, available online and in stores. #KENZOMoveRevolution https://t.co/P1dDXFizSZ https://t.co/t3cZ3Fw3cD",953310896838856704
145,Tue Jan 16 15:00:36 +0000 2018,KENZO,"""I think fashion needs dance to give life to clothing. To connect it to the now."" Feroz is part of the #KENZOMove's campaign crew and is wearing the rust color. Get your #KENZOMove : https://t.co/yrzUrW4sid https://t.co/kpAlT2XXvT",953280831908442112
146,Tue Jan 16 12:00:03 +0000 2018,KENZO,"Like Feroz, choose the #KENZOMove sneaker in the rust color and feel free to dance!  Find your color : https://t.co/W6Pqv73CLv https://t.co/Plmb371Rdt",953235397135527937
147,Mon Jan 15 17:00:04 +0000 2018,KENZO,"Our muse @jhenwick is wearing a Kenzo's Spring/Summer 2018 striped dress in YO! MY SAINT, a campaign film directed by #AnaLilyAmirpour. https://t.co/uZ4Zii7mbM https://t.co/tfGIed5Z9E",952948509199732737
148,Mon Jan 15 15:00:03 +0000 2018,KENZO,"Discover #AlexZhangHungtai as the photographer in YO! MY SAINT, a campaign film celebrating the japanese heritage of @Kenzo for the Spring/Summer 2018 collection. https://t.co/iza4Z4nEFe https://t.co/KiaXTTqabi",952918306415108098
149,Mon Jan 15 12:06:53 +0000 2018,KENZO,"Obsessed with our model #KikoMizuhara wearing a HYPER KENZO dress from #KENZOSS18's collection in YO! MY SAINT, a film directed by #AnaLilyAmirpour with music by @KarenO for the @Kenzo Spring/Summer 2018 campaign. https://t.co/3lfST85SDx https://t.co/ULe4TEEMYC",952874728150241280
150,Sun Jan 14 14:00:02 +0000 2018,KENZO,"Take part in this emotional journey between a photographer #AlexZhangHungtai and his model #KikoMizuhara, in YO! MY SAINT, a creative collaboration directed by #AnaLilyAmirpour with music by @KarenO for @Kenzo's Spring/Summer 2018. https://t.co/TcuUuOpscj https://t.co/spTL9MGkW2",952540817704521728
151,Sun Jan 14 12:00:02 +0000 2018,KENZO,".@jhenwick like you never seen before: in the role of a muse in YO! MY SAINT, a film directed by #AnaLilyAmirpour with music by @KarenO for @Kenzo's Spring/Summer 2018. https://t.co/dN1LOL1JyJ
#YOMYSAINT #KENZO #KENZOSS18 #SHISEIDO https://t.co/jtaPG3pzcQ",952510615951757312
152,Sat Jan 13 15:46:17 +0000 2018,KENZO,".@jhenwick is the muse, the inspiring and independent woman who keeps getting into the head of #AlexZhangHungtai in #YOMYSAINT, #KENZOSS18 film directed by #AnaLilyAmirpour with music by @KarenO. Watch the full film on https://t.co/0Hj7XEuYM6. https://t.co/XksMlzPQDp",952205165154787328
153,Fri Jan 12 16:02:07 +0000 2018,KENZO,RT @InterviewMag: This is what happens when Yeah Yeah Yeahs frontwoman @KarenO collaborates with @kenzo https://t.co/8GIspYv8Dt https://t.c‚Ä¶,951846761659846656
154,Fri Jan 12 15:20:40 +0000 2018,KENZO,RT @oliviawilde: Brilliant women @KarenO + Ana Lily Amirpour + @kenzo = yes please thank you.  #playitloud  https://t.co/8ignC7NSKy,951836332187320320
155,Fri Jan 12 14:55:38 +0000 2018,KENZO,RT @FastCompany: New @Kenzo film celebrates artistic muse with original Karen O song https://t.co/24LxCMH6nS https://t.co/u7LKIiQpa2,951830030400835585
156,Fri Jan 12 11:09:42 +0000 2018,KENZO,"Watch #YOMYSAINT, the new film for #KENZOSS18 directed by #AnaLilyAmirpour and an original music by @KarenO https://t.co/psNsLXpXOa",951773174559072256
157,Thu Jan 11 17:57:30 +0000 2018,KENZO,Behind Karen O and Kenzo‚Äôs Dramatic New Collaboration https://t.co/wiSE7dmEsT via @voguemagazine,951513413750050816
158,Thu Jan 11 10:00:33 +0000 2018,KENZO,"Carol Lim and Humberto Leon are proud to present #YOMYSAINT, #KENZOSS18 campaign film directed by #AnaLilyAmirpour with an original music by @KarenO and starring @kikoxxx, @JHenwick and #AlexZhangHungtai with beauty by @shiseido. Watch the film on https://t.co/0Hj7XEuYM6. https://t.co/rfz5vl0v5I",951393383880314881
159,Wed Jan 10 14:43:58 +0000 2018,KENZO,@nlyonne @nlyonne Omg this is the cutest!,951102321282383873
160,Tue Jan 09 15:00:19 +0000 2018,KENZO,"Love is in the air. Stay tuned for #YOMYSAINT, #KENZOSS18 campaign film directed by Ana Lily Amirpour and an original music by Karen O starring #KikoMizuhara  as the model and #AlexZhangHungtai as the photographer. On https://t.co/0Hj7XEuYM6 Thursday January 11. https://t.co/yf5H3ba2HS",950744048347860992
161,Tue Jan 09 11:51:00 +0000 2018,KENZO,RT @wwd: .@kenzo's newest project focuses on music and film starring @KarenO: https://t.co/sJX1Lqaiex https://t.co/3hVtYaxMUo,950696406200832000
162,Tue Jan 09 11:50:37 +0000 2018,KENZO,RT @vmagazine: .@Kenzo debuts eccentric dance campaign for new 'Move Sneakers' https://t.co/RGvJoT33R4 https://t.co/DRGPRJ57By,950696306086948864
163,Mon Jan 08 15:00:19 +0000 2018,KENZO,"Enter the universe of YO! MY SAINT, @kenzo's Spring/Summer 2018 campaign film directed by #AnaLilyAmirpour and an original music created by @KarenO, out on https://t.co/0Hj7XEuYM6 Thursday January 11. https://t.co/iYzO3DNh9g",950381658280210432
164,Sun Jan 07 09:00:03 +0000 2018,KENZO,Introducing the KENZO Move in French Blue https://t.co/SxjXB7NAwy. https://t.co/xUnhUJhD4s,949928605404028928
165,Sat Jan 06 13:00:31 +0000 2018,KENZO,"""The style I danced is original vogueing, also known as ""Pop, dip and spin"". I have been obesessed with it since a year now."" Patric is an Australian dancer, part of the #KENZOMove campaign crew. Visit https://t.co/0Hj7XEuYM6 to get your KENZO Move https://t.co/TaCxkveVLc. https://t.co/tqP2nrDXL4",949626733002743809
166,Sat Jan 06 09:00:02 +0000 2018,KENZO,BE the Revolution! The iconic KENZO Move is back in French Blue https://t.co/uvocWEazeU. https://t.co/mA6FVsLssp,949566217114832896
167,Fri Jan 05 16:18:32 +0000 2018,KENZO,"The KENZO Move is back for 2018. Feel free to move and dance in your own https://t.co/9U2bmIVdEl.
#KENZOMove #KENZOMoveRevolution https://t.co/uO9rYamA16",949314178485047297
168,Fri Jan 05 15:40:36 +0000 2018,KENZO,Let‚Äôs dance! The talented French dancer Hajiba chose the KENZO Move sneaker in mint. Discover all the new colors online https://t.co/47SyF3hHDR. https://t.co/ikwFhKijkU,949304632018460672
169,Thu Jan 04 19:26:02 +0000 2018,KENZO,"Meet French dancer Hajiba, one of the talented dancer from the new KENZO Move crew: ‚ÄúI constructed my dance and my style through different influences like Jazz, hip-hop, classical and contemporary‚Äù. Discover the new sneaker colorways https://t.co/viiOla3Fjq. https://t.co/EHdCEmRJzE",948998975817961472
170,Thu Jan 04 19:22:04 +0000 2018,KENZO,KENZO Features Several Forms of Dance in Video Lookbook for... https://t.co/fz2U2RjHJI,948997977800093699
171,Thu Jan 04 10:27:52 +0000 2018,KENZO,Kenzo Unveils Dance-Themed Campaign for Move Sneaker https://t.co/GivcJynVWV via @wwd,948863541645336578
172,Wed Jan 03 17:18:20 +0000 2018,KENZO,"The #KENZOMove sneaker is back for 2018 with a burst of multicolored freshness, and new colors call for new movements! Discover the new campaign featuring exceptional dancers from different fields and nationalities and get your pair online now https://t.co/Ne6tnIlcpn. https://t.co/Nmvhr8dJzn",948604451425783809
173,Mon Jan 01 17:53:36 +0000 2018,KENZO,We wish you a wonderful New Year 2018! May all your dreams come true ‚ú® https://t.co/wONv3d8O4z,947888550451740673
174,Sat Dec 30 17:00:16 +0000 2017,KENZO,The red parka from the KENZO Spring/Summer 2018 collection | Discover the first pieces from the new collection on https://t.co/0Hj7XEuYM6 and in stores. https://t.co/5rILfGXMKy,947150354554195968
175,Fri Dec 29 17:00:03 +0000 2017,KENZO,"Artist Violetta West imagined the iconic dress from KENZO - La Collection Memento N¬∞1 through a poetic 3D design. Discover the vision of ten different photographers and artists in Novembre Magazine. 
#KENZO #CollectionMemento1 https://t.co/BQoqxvkuzJ",946787914717032449
176,Thu Dec 28 17:00:22 +0000 2017,KENZO,"Ready for the KENZO Spring/Summer 2018 Collection ? Bold colors and prints are coming. Now available on https://t.co/0Hj7XEuYM6 and in your closest store. 
#KENZOSS18 https://t.co/FDBqYt3EIp",946425604374695936
177,Wed Dec 27 17:00:03 +0000 2017,KENZO,How we actually feel after the holidays. The iconic fuschia dress from KENZO - La Collection Memento N¬∞1 imagined by Florence T√©tier and Nicolas Coulomb for Novembre Magazine. Discover the work of the ten photographers in the December issue. https://t.co/SdUWhjybuf,946063135525560327
178,Tue Dec 26 17:00:05 +0000 2017,KENZO,The iconic fuschia dress from KENZO - La Collection Memento N¬∞1 designed by Humberto Leon and Carol Lim has been imagined by ten photographers in Novembre Magazine this month. Here is the work of Christopher Shintani. https://t.co/EygLlUlD7s,945700758481199104
179,Mon Dec 25 13:37:16 +0000 2017,KENZO,Happy Holidays to all and lots of love from the KENZO team ‚ù§Ô∏èüéâ https://t.co/5ot3TXIzld,945287329090023424
180,Wed Dec 20 18:11:37 +0000 2017,KENZO,"@celegian Hello, we don't have anything to do with this website, it's unfortunately a fraud. We recommend to contact the police directly.",943544432217001984
181,Wed Dec 20 17:29:04 +0000 2017,KENZO,"@PuchiJordi Hello, we apologize for this. Did you try contacting customerservice@kenzoparis.com? Thank you.",943533725580656640
182,Wed Dec 20 17:27:53 +0000 2017,KENZO,"@TiffanyAnnabell Hello, we apologize for this. Did you try contacting customerservice@kenzoparis.com?",943533425235038208
183,Wed Dec 20 16:19:32 +0000 2017,KENZO,Let's celebrate ! Head over https://t.co/0Hj7XEuYM6 and get inspired by our party looks ‚ú® https://t.co/xkvA3EVASv. https://t.co/gVXP0WdpjZ,943516226998980609
184,Fri Dec 15 18:39:02 +0000 2017,KENZO,The holidays are around the corner! Head over https://t.co/0Hj7XEuYM6 for some gifts ideas https://t.co/N3tLtvrB7T. https://t.co/Sm8H8ADkLZ,941739390635794433
185,Fri Dec 15 10:34:14 +0000 2017,KENZO,RT @LVMHPrize: LVMH Prize 2018 is on ‚òÖ Apply on https://t.co/aM62YyxSt9 https://t.co/Z0JCOobyDn,941617389434757120
186,Thu Dec 14 17:11:47 +0000 2017,KENZO,@kenzo supports @Bluemarinef: There IS a way forward for the oceans. #BackTheBlueBelt to give thousands of marine species a fighting chance - #BluePlanet2 https://t.co/Ie5KhFxklT https://t.co/0B90EvaHNd,941355046784073729
187,Thu Dec 14 17:04:25 +0000 2017,KENZO,"Celebrate the Holiday season with our Tiger sweatshirts from the Kenzo Holiday collection. Visit https://t.co/0Hj7XEuYM6 for more #KenzoGifts ideas .
For her: https://t.co/urfkqzDGpJ 
For him: https://t.co/hzf7ZOtzXv https://t.co/V3nPKgXg0O",941353194411757570
188,Thu Dec 14 10:54:21 +0000 2017,KENZO,@bclsinclair ‚ù§Ô∏è,941260063297110017
189,Mon Dec 11 18:22:38 +0000 2017,KENZO,"Stay warm with our woolly Eye scarf from the #KenzoHoliday collection üëÅÔ∏è more gifts ideas on https://t.co/0Hj7XEuYM6 https://t.co/ASKAtruCqm. 
#KenzoGifts https://t.co/6GrACUreau",940285712443826176
190,Mon Dec 11 10:06:26 +0000 2017,KENZO,RT @LVMH: üóìÔ∏è Les Journ√©es Particuli√®res LVMH are back in 2018! Save the dates October 12-14 for a new edition of an event unique in the wor‚Ä¶,940160841336401920
191,Mon Dec 11 09:16:54 +0000 2017,KENZO,"Madly in love with this mini Tiger Canvas backpack üíû visit https://t.co/0Hj7XEuYM6 and get inspired to give https://t.co/K9xaXUyE1g. 
#KenzoGifts https://t.co/GMQVXywXJG",940148373751058432
192,Thu Dec 07 18:16:36 +0000 2017,KENZO,The Kombo backpack is a @kenzo iconic that can complete any look. Visit https://t.co/0Hj7XEuYM6 and get inspired by our #KenzoGifts selection https://t.co/XC8lYqORgQ https://t.co/yHdUOEgPSr,938834642156875776
193,Wed Dec 06 20:06:32 +0000 2017,KENZO,Introducing the new Gyoza bag from the #KenzoSS18 runway collection üíõ . More #KenzoGifts online https://t.co/bjWt5rfKfI. https://t.co/Ls3SnLzfR0,938499920415395840
194,Wed Dec 06 10:09:29 +0000 2017,KENZO,@Aseel üíô,938349670321020928
195,Tue Dec 05 17:49:35 +0000 2017,KENZO,Cop the iconic embroidered Tiger cap ‚ú® Head over https://t.co/0Hj7XEuYM6 for more Kenzo Gifts https://t.co/NWqxWiip93. https://t.co/XiSeF8R7iy,938103068981329920
196,Tue Dec 05 17:32:09 +0000 2017,KENZO,@cupofcouple ‚ù§Ô∏è,938098680476905473
197,Tue Dec 05 17:18:21 +0000 2017,KENZO,@zoelondondj Thank you Zoe we love you ‚ù§Ô∏è,938095211296837633
198,Mon Dec 04 18:35:44 +0000 2017,KENZO,Step up your gift giving this holiday season with the velvet Tiny Kalifornia from the Kenzo Holidays collection. Visit https://t.co/0Hj7XEuYM6 to find your perfect Kenzo Gift https://t.co/SAk0zOMICm. https://t.co/5YTYFKQTD0,937752295441338368
199,Fri Dec 01 10:00:01 +0000 2017,KENZO,"The gift that will always keep an eye on your precious things. Visit https://t.co/0Hj7XEuYM6 and get inspired by our #KenzoHoliday collection. 
https://t.co/36J7J73ENJ https://t.co/0taLLi9kGE",936535349307887622
200,Thu Nov 30 10:00:02 +0000 2017,KENZO,The Holidays are in the #Sailor bag. Head over https://t.co/0Hj7XEuYM6 to discover the #KenzoGift guide https://t.co/kSTI6eAvk8. https://t.co/KOu7121apx,936172963413585920
201,Wed Nov 29 10:00:02 +0000 2017,KENZO,Your phone deserves a little treat. Stop by your #Kenzo store to find the perfect gift.  https://t.co/EiWhzJJHyF https://t.co/PTJNkxz5pp,935810577003352064
202,Tue Nov 28 10:00:02 +0000 2017,KENZO,An embroidered Tiger backpack makes the perfect present for the urban nomad on your list. Visit https://t.co/CB8ixtcINe to get inspired to give https://t.co/I2Aoo2FE7L. https://t.co/2Uad7wASsR,935448186503745536
203,Mon Nov 27 10:00:02 +0000 2017,KENZO,"The MOVEment continues with our #KenzoMove sneaker. This iridescent version with the vintage Tiger logo makes the perfect #KenzoGift.
https://t.co/NGOinFezVw https://t.co/NuerREiUdm",935085800009629696
204,Fri Nov 24 20:05:15 +0000 2017,KENZO,The Holiday season can start ‚ú®Visit https://t.co/0Hj7XEuYM6 and get inspired by our #KenzoHoliday collection ‚ú®#KenzoGifts https://t.co/5qz4cXFw31,934150945256112128
205,Tue Nov 21 20:37:22 +0000 2017,KENZO,‚ùÑÔ∏èThe Nebraska Boots ‚ùÑÔ∏è also known as your winter's best friend https://t.co/N05bagGbiY. https://t.co/x6FcOOhpMd,933071863563026432
206,Mon Nov 20 17:47:38 +0000 2017,KENZO,Cozy up in the shiniest puffa jacket from the #KenzoHoliday Collection https://t.co/DywvDZU1Ng. https://t.co/lCmeob8Yy4,932666761387872257
207,Fri Nov 17 18:44:21 +0000 2017,KENZO,"Get ready for the Holiday season! The #KenzoGift guide is now on https://t.co/9iIg0nBm0Q
https://t.co/TPDAydtN3u. https://t.co/ag4x03aDbO",931593872320417794
208,Fri Nov 10 17:41:46 +0000 2017,KENZO,"Hello Madrid ! KENZO is proud to present the new store located at: Calle Serrano, 17, 28001 Madrid. 
Come have a look and discover our new collections.
#KenzoLovesMadrid https://t.co/cdTvtUEcYl",929041404256571392
209,Thu Nov 02 09:00:01 +0000 2017,KENZO,KENZO Vintage &amp; designer's choices: only at the KENZO Marais store in Paris: 120 Rue Vieille-Du-Temple 75003 Paris. https://t.co/PTKWZA6Nlx,926011001216143360
210,Wed Nov 01 09:00:02 +0000 2017,KENZO,Looking for the perfect gift? Our new Parisian store in Le Marais offers a unique selection of jewellry: 120 Rue Vieille-Du-Temple. https://t.co/Eu8PIpeLry,925648615992946690
211,Tue Oct 31 09:00:02 +0000 2017,KENZO,üéÉ HAPPY HALLOWEEN FROM KENZO üéÉ https://t.co/m6AjfhiQ7W,925286228060229632
212,Mon Oct 30 09:00:03 +0000 2017,KENZO,"@kenzo Collection Memento N¬∞1
https://t.co/mxapwgo5ZG https://t.co/0oqc9nlgMT",924923843403231232
213,Fri Oct 27 14:40:32 +0000 2017,KENZO,Wear flowers as a statement ‚ö°  #CollectionMemento1 is available at https://t.co/9iIg0nBm0Q and in stores https://t.co/4QpL3sFEi9. https://t.co/a31K6pj9kj,923922366467538944
214,Thu Oct 26 14:21:01 +0000 2017,KENZO,BREAKING NEWS! Our @kenzo Tiger is travelling in good company with @FCBarcelona players @LuisSuarez9 and #LionelMessi. https://t.co/wXnnkbi1we,923555068149977090
215,Tue Oct 24 10:45:35 +0000 2017,KENZO,.@asvpxrocky (A$AP ROCKY) returns to rap music. He wears the Argyle knit sweater from #KENZOFW17 collection in @GQStyle holiday issue. https://t.co/QxHbTd1hz9,922776077445025792
216,Fri Oct 20 19:52:03 +0000 2017,KENZO,Get your @kenzo t-shirt customized by Airbrush artists this Sunday October 22 | 3PM-7PM | KENZO Marais 120 Rue Veille-du-Temple 75003 Paris. https://t.co/wEf9lh3xtC,921464046326607875
217,Fri Oct 20 07:22:33 +0000 2017,KENZO,The mesmerizing #RobertPattinson ‚ú®  wearing look 13 from #KENZOFW17 runway collection in @wonderlandmag Autumn 17 Issue. https://t.co/24RhWFMyUw,921275428152729600
218,Fri Oct 13 08:00:05 +0000 2017,KENZO,".@kenzo - La Collection Memento N¬∞1 is a tribute to Kenzo Taka, the founder of the House. Shop women https://t.co/SfmzL2toYv. https://t.co/hv0MQGJmAg",918748159903444993
219,Thu Oct 12 08:00:03 +0000 2017,KENZO,The 'May Flowers' Down Jacket from @KENZO - La Collection Memento N¬∞1 is available online and in stores https://t.co/lmXyQyi1tT. https://t.co/aCnqrYPEUW,918385764567830528
220,Wed Oct 11 15:30:54 +0000 2017,KENZO,"@kenzo - La Collection Memento N¬∞1 is now available in stores
Shop for Men: https://t.co/gYO3Vv5Kcm
Shop for Women: https://t.co/hToXbfznE5 https://t.co/hpqRiYDv4q",918136836329009152
221,Wed Oct 11 14:28:36 +0000 2017,KENZO,Watch KENZO - La Collection Memento N¬∞2 show https://t.co/jAqU0rtUwE,918121157353725952
222,Mon Oct 02 17:42:42 +0000 2017,KENZO,Discover the new @kenzo store in Paris with vintage pieces and a selection of designer's choices: 120 rue Vieille-du-Temple 75003 Paris. https://t.co/hZ3kPNQqqM,914908512874049536
223,Mon Oct 02 11:07:01 +0000 2017,KENZO,The guests of @kenzo - La Collection Memento N¬∞2 show last Wednesday 27.09.2017 in Paris. https://t.co/3AI2imVz0A,914808938306129921
224,Fri Sep 29 08:38:23 +0000 2017,KENZO,Close-up on @kenzo #CollectionMemento2: a denim bum bag with the iconic KENZO Bamboo Tiger label matched the Tiger Nails by @INGLOT_USA. https://t.co/oRgQmyzk2V,913684369830825984
225,Fri Sep 29 08:15:49 +0000 2017,KENZO,.@KENZO #CollectionMemento2 is a tribute to KENZO Jeans and the beginning of a new line of denim  https://t.co/kPhtiqvhKL. https://t.co/A77QDk2SP8,913678691267424256
226,Thu Sep 28 12:45:06 +0000 2017,KENZO,Kenzo La Collection Memento N¬∞2 https://t.co/bBYCMQ6vdB,913384070612242432
227,Tue Sep 26 15:02:09 +0000 2017,KENZO,Watch the show of @KENZO #CollectionMemento2 tomorrow 27.09.2017 streamed live on Instagram at 8:30 PM (GMT+2). https://t.co/ySMLEjALW9,912693782977630208
228,Tue Sep 26 14:49:05 +0000 2017,KENZO,Watch the show of @KENZO #CollectionMemento2 tomorrow 27.09.2017 streamed live on Instagram at 8:30 PM (GMT+2). https://t.co/jp4jtIkhA7,912690492428750848
229,Tue Sep 26 12:34:25 +0000 2017,KENZO,Watch the show of @KENZO #CollectionMemento2 tomorrow 27.09.2017 streamed live on Instagram at 8:30 PM (GMT+2). https://t.co/XP20iAsZNj,912656602540462080
230,Tue Sep 26 09:37:40 +0000 2017,KENZO,"#CollectionMemento1 is a tribute to the founder's of the house #KenzoTakada, in limited edition in stores and https://t.co/9iIg0nBm0Q. https://t.co/yH42Hh9s2R",912612123951403008
231,Mon Sep 25 13:04:53 +0000 2017,KENZO,The #KENZOMove sneakers by @highsnobiety https://t.co/T7nZOWNOKd,912301884416946176
232,Sun Sep 24 09:40:46 +0000 2017,KENZO,"LAST DAY of the #KENZOMOVE Paris Pop-Up Store: 16 Bld des Filles du Calvaire 75011 Paris. 
Also available online https://t.co/ywmKIeZRVI. https://t.co/vFRSR9JFPm",911888128096514048
233,Sun Sep 24 09:35:52 +0000 2017,KENZO,"KENZO Move
Available online and in stores. 
#KENZOMOVE

https://t.co/ywmKIeZRVI https://t.co/dZW5wN7iXo",911886893331177472
234,Sat Sep 23 08:35:42 +0000 2017,KENZO,"KENZO Move
Available online and in stores. 
#KENZOMOVE

https://t.co/ywmKIeZRVI https://t.co/NXhqHtjFm4",911509364653068289
235,Sat Sep 23 08:35:25 +0000 2017,KENZO,"KENZO Move
Available online and in stores. 
#KENZOMOVE

https://t.co/ywmKIeZRVI https://t.co/UKmgMMxYaJ",911509294864044032
236,Sat Sep 23 08:35:03 +0000 2017,KENZO,"KENZO Move
Available online and in stores. 
#KENZOMOVE

https://t.co/ywmKIeZRVI https://t.co/XvFuN6Nmte",911509202241298433
237,Fri Sep 22 16:42:21 +0000 2017,KENZO,The #KENZOMOVE Pop-Up Store in Paris will close Sunday: head over 16 Boulevard des Filles du Calvaire 75011 Paris. Official launch tomorrow! https://t.co/djOHB3k3ge,911269448169992193
238,Wed Sep 20 17:54:06 +0000 2017,KENZO,Keep moving! Our exclusive #KENZOMOVE Pop-Up Store is open until Sunday 24 Sept at 16 Bld des Filles du Calvaire 75011 Paris. https://t.co/azQRfnXRTE,910562728846258189
239,Tue Sep 19 17:57:16 +0000 2017,KENZO,The deepest and intense blue scent is coming soon into our #KenzoWorld family. https://t.co/PTIWfCI7nT,910201137743179777
240,Tue Sep 19 17:36:24 +0000 2017,KENZO,Contest: make the greatest score on the Dance Machine and win a pair of #KENZOMOVE. Pop-Up Store: 16 Bld des Filles du Calvaire 75011 Paris https://t.co/WlkTtX4n0g,910195886961168385
241,Mon Sep 18 18:08:38 +0000 2017,KENZO,Join the Move Revolution! Get your #KENZOMOVE in our exclusive Pop-Up store at 16 Bld des Filles du Calvaire 75011 Paris ‚ù§Ô∏è https://t.co/8S2kkodLT7,909841611781279744
242,Mon Sep 18 13:05:04 +0000 2017,KENZO,Welcome to the #KENZOMove Pop-Up Store in Paris ! Get the chance to win a pair each day at 16 Bld des Filles du Calvaire 75011 until Sept 24 https://t.co/kOTaTMwVwH,909765215222468608
243,Sat Sep 16 14:58:48 +0000 2017,KENZO,Pre-order the #KENZOMOVE now and be the first to get the sneaker of the season! https://t.co/RUhSw44h9K https://t.co/MB9PlHrB31,909069059047780352
244,Thu Sep 14 16:02:25 +0000 2017,KENZO,Behind the seams: Kenzo joins the circus in a Vaudevillian romp https://t.co/w4lTDe61Nv via @wallpapermag,908360293016915974
245,Thu Sep 14 07:39:34 +0000 2017,KENZO,Discover #CabiriaCharityChastity directed by @nlyonne for #KENZOFW17 now https://t.co/ueZBjI7qLf,908233750470852608
246,Wed Sep 13 20:12:37 +0000 2017,KENZO,"#CabiriaCharityChastity the film directed by @nlyonne for #KENZOFW17, will be on https://t.co/CkgxpkHjt9 tomorrow. Stay tuned ! https://t.co/7mDCIZXduW",908060869967446017
247,Tue Sep 12 19:06:09 +0000 2017,KENZO,"#GretaLee is Nina the Showgirl in #CabiriaCharityChastity by @nlyonne for #KENZOFW17, on https://t.co/CkgxpkHjt9 Sept 14. https://t.co/JxVPGFZI0I",907681758723887104
248,Tue Sep 12 19:01:21 +0000 2017,KENZO,"#JamesRansone is Anthony the Strongman in #CabiriaCharityChastity by @nlyonne, out Sept 14 on https://t.co/CkgxpkHjt9. https://t.co/mWQxFFyPXm",907680548608462851
249,Tue Sep 12 18:53:01 +0000 2017,KENZO,"#FredArmisen is Aldo the Instructor in #CabiriaCharityChastity directed by @nlyonne for #KENZOFW17, on https://t.co/CkgxpkHjt9 Sept 14. https://t.co/eSXoDr8IVx",907678452282785793
250,Tue Sep 12 17:23:15 +0000 2017,KENZO,".@MayaRudolph is Chastity in #CabiriaCharityChastity, the new film by @nlyonne for #KENZOFW17, out Sept 14 on https://t.co/CkgxpkHjt9. https://t.co/O0w3XcnZf8",907655860490514433
251,Sun Sep 10 07:26:39 +0000 2017,KENZO,"""Cabiria, Charity, Chastity"", #KENZOFW17 film by @nlyonne, will be out September 14 on https://t.co/CkgxpkHjt9 https://t.co/OIOqvIzBh5",906780947214995457
252,Sat Sep 09 14:11:24 +0000 2017,KENZO,"Come to the #KENZOMOVE exclusive Pop-Up Store at 16 Bld des Filles du Calvaire, 75004 Paris between 14-24 Sept. https://t.co/066NYPPdya https://t.co/rqh2QZBLNq",906520418676244481
253,Wed Sep 06 19:27:21 +0000 2017,KENZO,"#CabiriaCharityChastity, the new #KENZOFW17 film by @nlyonne, will be out September 14 on https://t.co/CkgxpkHjt9. https://t.co/6zazszKK33",905512767188344836
254,Mon Sep 04 16:24:02 +0000 2017,KENZO,"Discover KENZO Move, the new iconic sneaker from La Collection Memento n¬∞1. Subscribe to the pre-booking now on https://t.co/9iIg0nBm0Q. https://t.co/8eff8ryveB",904741857284018176
255,Mon Sep 04 08:34:08 +0000 2017,KENZO,https://t.co/tQJmirYOb8,904623601051201536
256,Mon Aug 28 10:56:59 +0000 2017,KENZO,@Mckartu_ KENZO is currently victim of a fraudulent hacking of its social network‚Äôs links. We are taking legal actions now and advice you to not order,902122837154156544
257,Thu Aug 10 11:28:42 +0000 2017,KENZO,An iconic dress is in season! https://t.co/iRsctGPDEB https://t.co/M0KMwe477p,895607835836338176
258,Thu Jul 27 10:58:00 +0000 2017,KENZO,"Photographer #PriscillaSaada shot #KENZOFW17's collection on the Normandy seaside, story on https://t.co/9iIg0nBm0Q https://t.co/WgfP0djGMJ https://t.co/qIMNNqeYcN",890526678811848704
259,Thu Jul 20 10:23:48 +0000 2017,KENZO,"Portraits of the cast from ""Cabiria, Charity, Chastity"", a film directed by @nlyonne for #KENZOFW17, out in Sept https://t.co/arractobuP https://t.co/yUakrPqNSg",887981358106136581
260,Fri Jul 07 12:48:03 +0000 2017,KENZO,Listen To A Thrilling New Lafawndah Song In Her Mix For Kenzo https://t.co/81QEY465x3 via @thefader,883306619198734338
261,Mon Jul 03 13:28:13 +0000 2017,KENZO,"""Music is My Mistress"" #KENZOSS17 film by #KahlilJoseph is in the Top 10 Fashion Films of the Season https://t.co/3wAYBgOw5T via @BoF",881867174620651520
262,Fri Jun 30 15:03:05 +0000 2017,KENZO,"RT @LVMH: 1 Titanium üèÜ
2ü•á 
2ü•à
3ü•â
#Kenzoworld big winner at  #CannesLions: Congrats @Kenzo! üëèüëèüëè
https://t.co/VimGb80rHO https://t.co/tnzMfv7‚Ä¶",880803883479597057
263,Fri Jun 30 15:02:42 +0000 2017,KENZO,RT @wwd: .@kenzo founder Kenzo Takada reflects on his career and life after leaving the fashion industry: https://t.co/gkXbxnEpnI https://t‚Ä¶,880803787555864580
264,Fri Jun 30 15:02:33 +0000 2017,KENZO,RT @Fuckingyoung: Take a look at @Kenzo SS18 #backstage photographed by Allan Hamitouche during Paris Fashion Week #pfw https://t.co/qIAITG‚Ä¶,880803750256017410
265,Thu Jun 29 15:25:57 +0000 2017,KENZO,Amazing black and red ombre nails were created by @INGLOT_USA and @NaomiNailsNyc for the KENZO Spring-Summer 2018 show #KENZOSS18 https://t.co/Iw4f7d1xNh,880447251562328064
266,Thu Jun 29 08:52:12 +0000 2017,KENZO,Watch the KENZO Men &amp; Women's Spring-Summer 2018 show https://t.co/DfpJfoixNe,880348160291373056
267,Wed Jun 28 09:40:04 +0000 2017,KENZO,Kenzo Men‚Äôs Spring 2018 https://t.co/iP9B9eNL9W via @wwd,879997820593418240
268,Wed Jun 28 09:10:29 +0000 2017,KENZO,KENZO's 2018 Spring/Summer Collection Combines French Influe... https://t.co/TCLX9mZdCe,879990374009319424
269,Tue Jun 27 13:47:34 +0000 2017,KENZO,Close up of the #KENZOSS18 look: make up by @MFParsons using @MACcosmetics and hair by @hollismithhair for @lorealparis. https://t.co/JjQf5bLLaC,879697717672513537
270,Mon Jun 26 16:33:20 +0000 2017,KENZO,Discover all the #KENZOSS18 Men and Women's looks on https://t.co/9iIg0njKCg https://t.co/Km5OkCBBRT,879377047633633281
271,Mon Jun 26 11:44:20 +0000 2017,KENZO,Kenzo celebrates heritage with entirely Asian model line-up https://t.co/Ywq8bJvSPc via @Dazed,879304316775018496
272,Mon Jun 26 11:22:52 +0000 2017,KENZO,The complete Kenzo Spring 2018 Menswear fashion show https://t.co/7Jo66ghINb via @voguerunway,879298913014079488
273,Sun Jun 25 20:48:49 +0000 2017,KENZO,The finale of the KENZO Spring-Summer 2018 Men and Women's show tonight at the Lyc√©e Camille S√©e in Paris #KENZOSS18 https://t.co/70sy9BUUnU,879078952823869440
274,Sat Jun 24 14:23:48 +0000 2017,KENZO,KENZO's Men and Women Spring-Summer 2018 show will live on Instagram tomorrow from 8:30 PM CET. Follow us at @kenzo ! #KENZOSS18 https://t.co/d4khI4MHak,878619672354189314
275,Tue Jun 20 12:00:01 +0000 2017,KENZO,"Discover #KENZOFW17 new editorial story ""Balancing Act"" shot by photographer Joyce NG in Hong Kong, now on https://t.co/9iIg0nBm0Q. https://t.co/VWrO4U83Ae",877133936320708609
276,Sat Jun 17 11:28:30 +0000 2017,KENZO,"RT @LVMH: Discover the 2017 #LVMHPrize winners!
&gt; Grand Prize winner: @MARINE__SERRE
&gt; Special Prize winner: Kozaburo
https://t.co/hAYnsGo8‚Ä¶",876038840049442819
277,Thu Jun 15 12:25:29 +0000 2017,KENZO,"@ElleFanning,star of Sofia Coppola's movie @beguiledmovie, fronts the summer issue of @Dazed in #KENZOFW17 collection. 
üì∏   Ryan McGinley https://t.co/jXH6gb0nYn",875328404874244096
278,Tue Jun 13 10:13:00 +0000 2017,KENZO,"@Gstar_abu Hello, you can contact them at customerservice@kenzoparis.com they will help you with your issue!",874570291841728512
279,Fri Jun 09 12:26:20 +0000 2017,KENZO,Natasha Lyonne Directs Kenzo Fall 2017 Campaign Film https://t.co/8w6FrhAlrj via @wwd,873154293058207744
280,Thu Jun 08 14:08:31 +0000 2017,KENZO,"‚ÄúCabiria, Charity, Chastity‚Äù is the new film by @nlyonne featuring #KENZOFW17 collections and starring @MayaRudolph, out September 2017! https://t.co/g5IVAITE1w",872817621665710080
281,Thu Jun 08 08:00:03 +0000 2017,KENZO,We pledge to support @bluemarinef on their mission to protect the oceans. Join and help the cause https://t.co/R8cu8jOrqf #WorldOceansday https://t.co/c0iU1Hh9b9,872724894265606144
282,Tue Jun 06 14:00:12 +0000 2017,KENZO,Discover KENZO x @24Sevres's capsule collection with @The_Real_IMAN shot by #HansFeurer to celebrate the launch of https://t.co/KuYinCRNoq. https://t.co/GM9Klc6Reg,872090753639608320
283,Tue Jun 06 08:44:01 +0000 2017,KENZO,"@Lucy_Law14 Hi! Please contact our client service at customerservice@kenzoparis.com, they will help you with this issue.",872011179593478145
284,Wed May 31 08:02:04 +0000 2017,KENZO,RT @itsnicethat: ‚ÄúTrust yourself and trust the people around you‚Äú - @Crackstevens on collaboration and how his @kenzo film came to fruition‚Ä¶,869826297421336577
285,Tue May 30 08:27:58 +0000 2017,KENZO,@riokoozora Hi! Please contact customerservice@kenzoparis.com for help regarding this :).,869470427940356096
286,Tue May 23 10:44:59 +0000 2017,KENZO,"@Frid46 @CHANEL Conform√©ment aux valeurs d‚Äôouverture et de respect de la Maison @KENZO, nous suspendons nos investissements publicitaires sur ce cr√©neau.",866968193876852738
287,Tue May 23 10:44:36 +0000 2017,KENZO,"@BZHDeveloper @NestleFr @SFR @Anaca3off @cic Conform√©ment aux valeurs d‚Äôouverture et de respect de la Maison @KENZO, nous suspendons nos investissements publicitaires sur ce cr√©neau.",866968097139417089
288,Tue May 23 10:44:32 +0000 2017,KENZO,"@Geekin20 @Dyson @FleuryMichon @Quick_Belgique @SFR @Anaca3off @cic @bjork @LesVoyagesFram @CarteNoire @givenchy Conform√©ment aux valeurs d‚Äôouverture et de respect de la Maison @KENZO, nous suspendons nos investissements publicitaires sur ce cr√©neau.",866968081746337793
289,Tue May 23 10:44:29 +0000 2017,KENZO,"@pivers @Dyson @FleuryMichon @NestleFr @Lavazza @SFR @cic Conform√©ment aux valeurs d‚Äôouverture et de respect de la Maison @KENZO, nous suspendons nos investissements publicitaires sur ce cr√©neau.",866968066453905408
290,Tue May 23 10:44:10 +0000 2017,KENZO,"@Rgfrtr2015 @Geekin20 @Dyson @FleuryMichon @Quick_Belgique @SFR @Anaca3off @cic @bjork @LesVoyagesFram @CarteNoire @givenchy Conform√©ment aux valeurs d‚Äôouverture et de respect de la Maison @KENZO, nous suspendons nos investissements publicitaires sur ce cr√©neau.",866967989161275393
291,Tue May 23 10:44:04 +0000 2017,KENZO,"@moi20cent Conform√©ment aux valeurs d‚Äôouverture et de respect de la Maison @KENZO, nous suspendons nos investissements publicitaires sur ce cr√©neau.",866967962359672833
292,Tue May 23 10:43:47 +0000 2017,KENZO,"@LVTatoo Conform√©ment aux valeurs d‚Äôouverture et de respect de la Maison @KENZO, nous suspendons nos investissements publicitaires sur ce cr√©neau.",866967892600004608
293,Mon May 22 16:58:11 +0000 2017,KENZO,Hello Tokyo! Throwback to the opening night of our new store at #GinzaSix in Tokyo created by #HumbertoLeon and #CarolLim https://t.co/vNNl4D5mQ3,866699724837048320
294,Fri May 19 08:46:09 +0000 2017,KENZO,RT @SamSpiegelUni: Thank you for having me @kenzo https://t.co/VFlEVx3RYS,865488738637324292
295,Wed May 17 18:05:05 +0000 2017,KENZO,"#KENZOSS17 collection, as seen by Eloise Parry who captured London youth now online https://t.co/WEUQIfQbj3 https://t.co/t6iMPeiXtm",864904621369765890
296,Thu May 04 14:46:58 +0000 2017,KENZO,"Meet Susan Baraz: muse, model and best friend to #AntonioLopez. Story on https://t.co/9iIg0nBm0Q #KENZOSS17 https://t.co/cZQCYRtdi2",860143719969939459
297,Fri Apr 28 16:01:00 +0000 2017,KENZO,Kenzo Mounts Pop-up Exhibition at London Store https://t.co/Afo4cQCk8u via @wwd,857988026479333376
298,Fri Apr 28 10:06:52 +0000 2017,KENZO,"Humberto Leon with Akinola Davies Jr, Ruth Ossai &amp; Ibrahim Kamara at the #KENZOFOLIO launch party wednesday night at the London store. https://t.co/GwLumI1UZT",857898904616153088
299,Thu Apr 27 10:21:05 +0000 2017,KENZO,"Gidi gidi b·ª• ugwu eze (Unity is strength), a KENZO film by Akinola Davies Jr https://t.co/0pCY49aAlX",857540096479956994
300,Thu Apr 27 09:37:01 +0000 2017,KENZO,"RT @NTSlive: Seeing out the @kenzo Folio Launch with a 2hr b2b session from PDA x BBC AZN Network: https://t.co/UW6sG0bGqg @2SHIN
@Crackste‚Ä¶",857529005116968960
301,Wed Apr 26 22:49:45 +0000 2017,KENZO,RT @NTSlive: Live from the @Kenzo Folio Launch with a set from @msbanks94 - watch or tune in - https://t.co/JlZdmlAt1J / https://t.co/UW6sG‚Ä¶,857366114719993856
302,Wed Apr 26 22:02:17 +0000 2017,KENZO,RT @NTSlive: Kicking off the @kenzo Folio Launch with BBC AZN Network b2b PDA - live until 2am - tune in at https://t.co/UW6sFZU51G https:/‚Ä¶,857354167362478080
303,Wed Apr 26 22:02:13 +0000 2017,KENZO,RT @NTSlive: Next up from the @kenzo Folio Launch with a live performance from @flohio16 &gt;&gt; watch the stream at https://t.co/JlZdmlAt1J htt‚Ä¶,857354152669835264
304,Wed Apr 26 22:02:10 +0000 2017,KENZO,RT @NTSlive: It‚Äôs @shygirl__93 live from the @kenzo Folio Launch for the next 15 mins &gt;&gt; only at https://t.co/JlZdmlAt1J https://t.co/tluvw‚Ä¶,857354138379853827
305,Sat Apr 22 13:31:54 +0000 2017,KENZO,"#KENZOFOLIO launch Wed April 26 in London with live broadcasts on @NTSlive with @MsBanks94, @flohio16, @shygirl__93 and more... 9pm-2am BST! https://t.co/LSjdWI5geZ",855776176018788353
306,Fri Apr 21 14:30:36 +0000 2017,KENZO,Hello Paris! Come and check out the new #KENZOFOLIO exhibition at the @kenzo Madeleine Store (27 bld de la Madeleine) from today to May 4! https://t.co/tRkD3dHcHT,855428561242607616
307,Fri Apr 21 14:27:12 +0000 2017,KENZO,"Qui √©tait √† la soir√©e de lancement ""Kenzo Folio #1"" √† Paris ? | Vogue https://t.co/magBZrFmUA via @VogueParis",855427704849661954
308,Thu Apr 20 14:42:56 +0000 2017,KENZO,@Justinepstr Bonjour! Avez-vous pu joindre le SAV entre temps? Quelle est le mail que vous avez utiliser pour les contacter? Merci !,855069277245911040
309,Tue Apr 18 09:24:07 +0000 2017,KENZO,RT @i_D: The first issue of @kenzo's new zine celebrates Nigerian beauty and art: https://t.co/GKdCZsMsWc https://t.co/6yeZkStbKN,854264265842327553
310,Thu Apr 13 16:41:01 +0000 2017,KENZO,RT @i_D: .@kenzo are launching an epic new zine celebrating Nigerian culture. https://t.co/zUtbClprIM https://t.co/ifgBNvDnka,852562279728066560
311,Thu Apr 13 12:33:39 +0000 2017,KENZO,Kenzo to Create Zine https://t.co/9Lgn7jJIkb via @wwd,852500024542056448
312,Tue Apr 11 15:51:43 +0000 2017,KENZO,RT @BoF: .@kenzo‚Äôs new campaign celebrates Nigeria‚Äôs Nsukka as the country gains prominence on the global fashion stage. https://t.co/SrG5b‚Ä¶,851825094007672833
313,Tue Apr 11 15:50:51 +0000 2017,KENZO,RT @highsnobiety: .@KENZO captures its Summer 2017 collection in Nigeria: https://t.co/Yp99145gPD https://t.co/TXN5BfQrqO,851824875404750853
314,Tue Apr 11 15:48:23 +0000 2017,KENZO,"RT @THELOVEMAGAZINE: üå∏The new @Kenzo campaign celebrates ceremonies, rituals &amp; rites within the Igbo communities of southern Nigeriaüå∏: http‚Ä¶",851824257420144640
315,Tue Apr 11 13:38:19 +0000 2017,KENZO,KENZO's Wild Prints Take Over Nigeria in Its 2017 Spring/Sum... https://t.co/hBwKbvEWlG,851791522907508736
316,Tue Apr 11 10:27:42 +0000 2017,KENZO,RT @Dazed: .@kenzo's new project celebrates Nigerian youth: https://t.co/tkE5DWO9rW https://t.co/b7hClLiWRM,851743553923547136
317,Tue Apr 11 10:27:20 +0000 2017,KENZO,RT @Fuckingyoung: KENZO Folio #1 by Akinola Davies Jr. @kenzo https://t.co/bssQMNNYRx https://t.co/GGI3oYSENK,851743460319260672
318,Mon Apr 10 17:14:55 +0000 2017,KENZO,Take a look at KENZO's SS17 campaign photographed in southern Nigeria https://t.co/HEgD6eUd6r,851483646024445953
319,Mon Apr 10 12:35:01 +0000 2017,KENZO,@Rabei001 Hello! Can you send us a picture?,851413205025005570
320,Mon Apr 10 12:24:43 +0000 2017,KENZO,@cydneyfulker hello did you contact our client service at customerservice@kenzoparis.com? They will be able to help you!,851410615558131713
321,Fri Apr 07 07:55:30 +0000 2017,KENZO,Exclusive: Kenzo‚Äôs new project celebrates Nigerian youth https://t.co/muRVfxXGaL via @Dazed,850255700697559040
322,Thu Apr 06 17:50:06 +0000 2017,KENZO,"RT @Dazed: Exclusive: @kenzo's new project celebrates Nigerian youth:
https://t.co/tkE5DWO9rW https://t.co/pWCrmMWhk4",850042947571679232
323,Thu Apr 06 10:00:05 +0000 2017,KENZO,'Gidi gidi bu ugwu eze' is KENZO's new project on Nigerian youth in by artists #RuthOssai and #AkinolaDaviesJr https://t.co/8Iuy67XGQp https://t.co/vnbdd9CUEc,849924662398246913
324,Tue Apr 04 16:24:46 +0000 2017,KENZO,RT @LVMH: #LVMH ranked most attractive employer by business school students in France for 12th consecutive year! #Universum https://t.co/QC‚Ä¶,849296696332955649
325,Tue Apr 04 09:58:44 +0000 2017,KENZO,We're thrilled to share that #TheReaslestReal directed by @Carrie_Rachel is finalist for the @Tribeca X Award! https://t.co/GE2J5e33PL https://t.co/6plfLWLDxj,849199549860241408
326,Mon Apr 03 10:43:07 +0000 2017,KENZO,RT @jaimtoutcheztoi: Et voici le lien du sac √† dos @kenzo dont je parle sur snap : https://t.co/g5alzp1zwq ‚úåüèº,848848328565686272
327,Thu Mar 30 18:42:32 +0000 2017,KENZO,"The Sailor is KENZO‚Äôs latest family of micro- bags, inspired by the exuberant animation style of Sh≈çjo manga https://t.co/40Z1sJTWdU https://t.co/Xv0WDgCHZi",847519426530496513
328,Thu Mar 30 15:50:33 +0000 2017,KENZO,"RT @bryanboy: Fun times with @Charli_XCX at the opening of the new @Kenzo flagship at Times Square, Hong Kong!‚Ä¶ https://t.co/V9QYzWBI5j",847476145717035008
329,Wed Mar 29 08:37:54 +0000 2017,KENZO,The Cool Kids Behind Opening Ceremony https://t.co/gmT9OnRQRc via @newyorker,847004879231090688
330,Tue Mar 28 08:29:30 +0000 2017,KENZO,"RT @LVMHPrize: Meet the final 8 for the 2017 #lvmhprize! Congratulations to all talents, the journey is just beginning. https://t.co/aM62Yy‚Ä¶",846640378740707328
331,Fri Jan 01 09:56:07 +0000 2016,KENZO,Wishing you a Happy New Year! Love from everyone at KENZO ‚ù§ https://t.co/503L2xSRZt,682862861522178048
